<?xml version="1.0" encoding="UTF-8"?>
<project-private xmlns="http://www.netbeans.org/ns/project-private/1">
    <editor-bookmarks xmlns="http://www.netbeans.org/ns/editor-bookmarks/2" lastBookmarkId="0"/>
    <open-files xmlns="http://www.netbeans.org/ns/projectui-open-files/2">
        <group>
            <file>file:/C:/Users/pc/Desktop/ufc%20EAD/Terceiro%20Semestre/Projeto%20Integrador%20I/PI%20REMOTE%203/PED12/Sistema_finaceiro_PI/src/Views/TelaCartaoDebito_consulta.java</file>
            <file>file:/C:/Users/pc/Desktop/ufc%20EAD/Terceiro%20Semestre/Projeto%20Integrador%20I/PI%20REMOTE%203/PED12/Sistema_finaceiro_PI/src/Views/TelaReceita.java</file>
            <file>file:/C:/Users/pc/Desktop/ufc%20EAD/Terceiro%20Semestre/Projeto%20Integrador%20I/PI%20REMOTE%203/PED12/Sistema_finaceiro_PI/src/Views/TelaDespesa_cadastrar.java</file>
            <file>file:/C:/Users/pc/Desktop/ufc%20EAD/Terceiro%20Semestre/Projeto%20Integrador%20I/PI%20REMOTE%203/PED12/Sistema_finaceiro_PI/src/Views/TelaCartaoCredito_cadastrar.java</file>
            <file>file:/C:/Users/pc/Desktop/ufc%20EAD/Terceiro%20Semestre/Projeto%20Integrador%20I/PI%20REMOTE%203/PED12/Sistema_finaceiro_PI/src/DAO/moduloConexao.java</file>
        </group>
    </open-files>
</project-private>
